candidate_id,sweep_step,run_name,target_name,target_variant,baseline_name,focal_length,phase_mask_resolution,aperture_policy,slm2_active_area_policy,padding_policy,phase_offset_reference,camera_oversampling_factor,camera_sampling,camera_binning_policy,spatial_frequency,metric_name,metric_value,metric_unit,status
candidate-001,characterization,fixed_measurement_protocol_v2,point_grid,center,input_identity,0.1,512,full_slm_active_area,center_square,center_pad,0.0,1,native_sensor,none,0.0,energy_throughput,1.0,ratio,PASS
candidate-001,characterization,fixed_measurement_protocol_v2,point_grid,center,reference_arm_only,0.1,512,full_slm_active_area,center_square,center_pad,0.0,1,native_sensor,none,0.0,energy_throughput,0.4999999701976776,ratio,PASS
candidate-001,characterization,fixed_measurement_protocol_v2,point_grid,center,process_arm_phase_zero,0.1,512,full_slm_active_area,center_square,center_pad,0.0,1,native_sensor,none,0.0,energy_throughput,0.41003990173339844,ratio,PASS
candidate-001,characterization,fixed_measurement_protocol_v2,point_grid,center,full_frontend_phase_zero,0.1,512,full_slm_active_area,center_square,center_pad,0.0,1,native_sensor,none,0.0,energy_throughput,1.7301198244094849,ratio,PASS
candidate-001,characterization,fixed_measurement_protocol_v2,point_grid,center,full_frontend_phase_zero,0.1,512,full_slm_active_area,center_square,center_pad,0.0,1,native_sensor,none,0.0,phase_intensity_ratio,1.9011467695236206,ratio,PASS
candidate-001,characterization,fixed_measurement_protocol_v2,point_grid,center,interference_term,0.1,512,full_slm_active_area,center_square,center_pad,0.0,1,native_sensor,none,0.0,interference_reconstruction_error,0.0,mean_absolute_error,PASS
candidate-001,characterization,fixed_measurement_protocol_v2,point_grid,center,interference_term,0.1,512,full_slm_active_area,center_square,center_pad,0.0,1,native_sensor,none,0.0,interference_visibility,0.9011468291282654,ratio,PASS
candidate-001,characterization,fixed_measurement_protocol_v2,point_grid,center,full_frontend_phase_zero,0.1,512,full_slm_active_area,center_square,center_pad,0.0,1,native_sensor,none,0.0,point_response_fwhm,1.0,pixels,PASS
candidate-001,characterization,fixed_measurement_protocol_v2,point_grid,center,full_frontend_phase_zero,0.1,512,full_slm_active_area,center_square,center_pad,0.0,1,native_sensor,none,0.0,point_response_peak_sidelobe_ratio,0.000768718577001282,ratio,PASS
candidate-001,characterization,fixed_measurement_protocol_v2,slanted_edge,5_degrees,input_identity,0.1,512,full_slm_active_area,center_square,center_pad,0.0,1,native_sensor,none,0.0,energy_throughput,1.0,ratio,PASS
candidate-001,characterization,fixed_measurement_protocol_v2,slanted_edge,5_degrees,reference_arm_only,0.1,512,full_slm_active_area,center_square,center_pad,0.0,1,native_sensor,none,0.0,energy_throughput,0.4999999403953552,ratio,PASS
candidate-001,characterization,fixed_measurement_protocol_v2,slanted_edge,5_degrees,process_arm_phase_zero,0.1,512,full_slm_active_area,center_square,center_pad,0.0,1,native_sensor,none,0.0,energy_throughput,0.4999903440475464,ratio,PASS
candidate-001,characterization,fixed_measurement_protocol_v2,slanted_edge,5_degrees,full_frontend_phase_zero,0.1,512,full_slm_active_area,center_square,center_pad,0.0,1,native_sensor,none,0.0,energy_throughput,1.9999709129333496,ratio,PASS
candidate-001,characterization,fixed_measurement_protocol_v2,slanted_edge,5_degrees,full_frontend_phase_zero,0.1,512,full_slm_active_area,center_square,center_pad,0.0,1,native_sensor,none,0.0,phase_intensity_ratio,1.9999903440475464,ratio,PASS
candidate-001,characterization,fixed_measurement_protocol_v2,slanted_edge,5_degrees,interference_term,0.1,512,full_slm_active_area,center_square,center_pad,0.0,1,native_sensor,none,0.0,interference_reconstruction_error,0.0,mean_absolute_error,PASS
candidate-001,characterization,fixed_measurement_protocol_v2,slanted_edge,5_degrees,interference_term,0.1,512,full_slm_active_area,center_square,center_pad,0.0,1,native_sensor,none,0.0,interference_visibility,0.9999904036521912,ratio,PASS
candidate-001,characterization,fixed_measurement_protocol_v2,slanted_edge,5_degrees,input_identity,0.1,512,full_slm_active_area,center_square,center_pad,0.0,1,native_sensor,none,0.0,edge_mtf50_cycles_per_pixel,0.5,cycles_per_pixel,PASS
candidate-001,characterization,fixed_measurement_protocol_v2,slanted_edge,5_degrees,input_identity,0.1,512,full_slm_active_area,center_square,center_pad,0.0,1,native_sensor,none,0.0,edge_mtf10_cycles_per_pixel,0.5,cycles_per_pixel,PASS
candidate-001,characterization,fixed_measurement_protocol_v2,slanted_edge,5_degrees,input_identity,0.1,512,full_slm_active_area,center_square,center_pad,0.0,1,native_sensor,none,0.0,edge_mtf50_cycles_per_meter,172413.79310344826,cycles_per_meter,PASS
candidate-001,characterization,fixed_measurement_protocol_v2,slanted_edge,5_degrees,input_identity,0.1,512,full_slm_active_area,center_square,center_pad,0.0,1,native_sensor,none,0.0,edge_mtf10_cycles_per_meter,172413.79310344826,cycles_per_meter,PASS
candidate-001,characterization,fixed_measurement_protocol_v2,slanted_edge,5_degrees,input_identity,0.1,512,full_slm_active_area,center_square,center_pad,0.0,1,native_sensor,none,0.0,edge_nyquist_response,0.9999999403953552,ratio,PASS
candidate-001,characterization,fixed_measurement_protocol_v2,slanted_edge,5_degrees,input_identity,0.1,512,full_slm_active_area,center_square,center_pad,0.0,1,native_sensor,none,0.0,edge_mtf_auc,0.9999999754252199,normalized_area,PASS
candidate-001,characterization,fixed_measurement_protocol_v2,slanted_edge,5_degrees,process_arm_phase_zero,0.1,512,full_slm_active_area,center_square,center_pad,0.0,1,native_sensor,none,0.0,edge_mtf50_cycles_per_pixel,0.5,cycles_per_pixel,PASS
candidate-001,characterization,fixed_measurement_protocol_v2,slanted_edge,5_degrees,process_arm_phase_zero,0.1,512,full_slm_active_area,center_square,center_pad,0.0,1,native_sensor,none,0.0,edge_mtf10_cycles_per_pixel,0.5,cycles_per_pixel,PASS
candidate-001,characterization,fixed_measurement_protocol_v2,slanted_edge,5_degrees,process_arm_phase_zero,0.1,512,full_slm_active_area,center_square,center_pad,0.0,1,native_sensor,none,0.0,edge_mtf50_cycles_per_meter,172413.79310344826,cycles_per_meter,PASS
candidate-001,characterization,fixed_measurement_protocol_v2,slanted_edge,5_degrees,process_arm_phase_zero,0.1,512,full_slm_active_area,center_square,center_pad,0.0,1,native_sensor,none,0.0,edge_mtf10_cycles_per_meter,172413.79310344826,cycles_per_meter,PASS
candidate-001,characterization,fixed_measurement_protocol_v2,slanted_edge,5_degrees,process_arm_phase_zero,0.1,512,full_slm_active_area,center_square,center_pad,0.0,1,native_sensor,none,0.0,edge_nyquist_response,0.9150956869125366,ratio,PASS
candidate-001,characterization,fixed_measurement_protocol_v2,slanted_edge,5_degrees,process_arm_phase_zero,0.1,512,full_slm_active_area,center_square,center_pad,0.0,1,native_sensor,none,0.0,edge_mtf_auc,0.9829282575038919,normalized_area,PASS
candidate-001,characterization,fixed_measurement_protocol_v2,slanted_edge,5_degrees,full_frontend_phase_zero,0.1,512,full_slm_active_area,center_square,center_pad,0.0,1,native_sensor,none,0.0,edge_mtf50_cycles_per_pixel,0.5,cycles_per_pixel,PASS
candidate-001,characterization,fixed_measurement_protocol_v2,slanted_edge,5_degrees,full_frontend_phase_zero,0.1,512,full_slm_active_area,center_square,center_pad,0.0,1,native_sensor,none,0.0,edge_mtf10_cycles_per_pixel,0.5,cycles_per_pixel,PASS
candidate-001,characterization,fixed_measurement_protocol_v2,slanted_edge,5_degrees,full_frontend_phase_zero,0.1,512,full_slm_active_area,center_square,center_pad,0.0,1,native_sensor,none,0.0,edge_mtf50_cycles_per_meter,172413.79310344826,cycles_per_meter,PASS
candidate-001,characterization,fixed_measurement_protocol_v2,slanted_edge,5_degrees,full_frontend_phase_zero,0.1,512,full_slm_active_area,center_square,center_pad,0.0,1,native_sensor,none,0.0,edge_mtf10_cycles_per_meter,172413.79310344826,cycles_per_meter,PASS
candidate-001,characterization,fixed_measurement_protocol_v2,slanted_edge,5_degrees,full_frontend_phase_zero,0.1,512,full_slm_active_area,center_square,center_pad,0.0,1,native_sensor,none,0.0,edge_nyquist_response,0.9575294256210327,ratio,PASS
candidate-001,characterization,fixed_measurement_protocol_v2,slanted_edge,5_degrees,full_frontend_phase_zero,0.1,512,full_slm_active_area,center_square,center_pad,0.0,1,native_sensor,none,0.0,edge_mtf_auc,0.9913858104959227,normalized_area,PASS
candidate-001,characterization,fixed_measurement_protocol_v2,sinusoidal_gratings,26_cycles,input_identity,0.1,512,full_slm_active_area,center_square,center_pad,0.0,1,native_sensor,none,0.05078125,energy_throughput,1.0,ratio,PASS
candidate-001,characterization,fixed_measurement_protocol_v2,sinusoidal_gratings,26_cycles,reference_arm_only,0.1,512,full_slm_active_area,center_square,center_pad,0.0,1,native_sensor,none,0.05078125,energy_throughput,0.5,ratio,PASS
candidate-001,characterization,fixed_measurement_protocol_v2,sinusoidal_gratings,26_cycles,process_arm_phase_zero,0.1,512,full_slm_active_area,center_square,center_pad,0.0,1,native_sensor,none,0.05078125,energy_throughput,0.5,ratio,PASS
candidate-001,characterization,fixed_measurement_protocol_v2,sinusoidal_gratings,26_cycles,full_frontend_phase_zero,0.1,512,full_slm_active_area,center_square,center_pad,0.0,1,native_sensor,none,0.05078125,energy_throughput,2.0,ratio,PASS
candidate-001,characterization,fixed_measurement_protocol_v2,sinusoidal_gratings,26_cycles,full_frontend_phase_zero,0.1,512,full_slm_active_area,center_square,center_pad,0.0,1,native_sensor,none,0.05078125,phase_intensity_ratio,2.0,ratio,PASS
candidate-001,characterization,fixed_measurement_protocol_v2,sinusoidal_gratings,26_cycles,interference_term,0.1,512,full_slm_active_area,center_square,center_pad,0.0,1,native_sensor,none,0.05078125,interference_reconstruction_error,0.0,mean_absolute_error,PASS
candidate-001,characterization,fixed_measurement_protocol_v2,sinusoidal_gratings,26_cycles,interference_term,0.1,512,full_slm_active_area,center_square,center_pad,0.0,1,native_sensor,none,0.05078125,interference_visibility,1.0,ratio,PASS
candidate-001,characterization,fixed_measurement_protocol_v2,sinusoidal_gratings,26_cycles,input_identity,0.1,512,full_slm_active_area,center_square,center_pad,0.0,1,native_sensor,none,0.05078125,grating_input_contrast,1.0,ratio,PASS
candidate-001,characterization,fixed_measurement_protocol_v2,sinusoidal_gratings,26_cycles,input_identity,0.1,512,full_slm_active_area,center_square,center_pad,0.0,1,native_sensor,none,0.05078125,grating_output_contrast,1.0,ratio,PASS
candidate-001,characterization,fixed_measurement_protocol_v2,sinusoidal_gratings,26_cycles,input_identity,0.1,512,full_slm_active_area,center_square,center_pad,0.0,1,native_sensor,none,0.05078125,grating_ctf,1.0,ratio,PASS
candidate-001,characterization,fixed_measurement_protocol_v2,sinusoidal_gratings,26_cycles,process_arm_phase_zero,0.1,512,full_slm_active_area,center_square,center_pad,0.0,1,native_sensor,none,0.05078125,grating_output_contrast,0.9999999999999716,ratio,PASS
candidate-001,characterization,fixed_measurement_protocol_v2,sinusoidal_gratings,26_cycles,process_arm_phase_zero,0.1,512,full_slm_active_area,center_square,center_pad,0.0,1,native_sensor,none,0.05078125,grating_ctf,0.9999999999999716,ratio,PASS
candidate-001,characterization,fixed_measurement_protocol_v2,sinusoidal_gratings,26_cycles,full_frontend_phase_zero,0.1,512,full_slm_active_area,center_square,center_pad,0.0,1,native_sensor,none,0.05078125,grating_output_contrast,0.9999999999999929,ratio,PASS
candidate-001,characterization,fixed_measurement_protocol_v2,sinusoidal_gratings,26_cycles,full_frontend_phase_zero,0.1,512,full_slm_active_area,center_square,center_pad,0.0,1,native_sensor,none,0.05078125,grating_ctf,0.9999999999999929,ratio,PASS
candidate-001,characterization,fixed_measurement_protocol_v2,sinusoidal_gratings,51_cycles,input_identity,0.1,512,full_slm_active_area,center_square,center_pad,0.0,1,native_sensor,none,0.099609375,energy_throughput,1.0,ratio,PASS
candidate-001,characterization,fixed_measurement_protocol_v2,sinusoidal_gratings,51_cycles,reference_arm_only,0.1,512,full_slm_active_area,center_square,center_pad,0.0,1,native_sensor,none,0.099609375,energy_throughput,0.5,ratio,PASS
candidate-001,characterization,fixed_measurement_protocol_v2,sinusoidal_gratings,51_cycles,process_arm_phase_zero,0.1,512,full_slm_active_area,center_square,center_pad,0.0,1,native_sensor,none,0.099609375,energy_throughput,0.5,ratio,PASS
candidate-001,characterization,fixed_measurement_protocol_v2,sinusoidal_gratings,51_cycles,full_frontend_phase_zero,0.1,512,full_slm_active_area,center_square,center_pad,0.0,1,native_sensor,none,0.099609375,energy_throughput,2.0,ratio,PASS
candidate-001,characterization,fixed_measurement_protocol_v2,sinusoidal_gratings,51_cycles,full_frontend_phase_zero,0.1,512,full_slm_active_area,center_square,center_pad,0.0,1,native_sensor,none,0.099609375,phase_intensity_ratio,2.0,ratio,PASS
candidate-001,characterization,fixed_measurement_protocol_v2,sinusoidal_gratings,51_cycles,interference_term,0.1,512,full_slm_active_area,center_square,center_pad,0.0,1,native_sensor,none,0.099609375,interference_reconstruction_error,0.0,mean_absolute_error,PASS
candidate-001,characterization,fixed_measurement_protocol_v2,sinusoidal_gratings,51_cycles,interference_term,0.1,512,full_slm_active_area,center_square,center_pad,0.0,1,native_sensor,none,0.099609375,interference_visibility,1.0,ratio,PASS
candidate-001,characterization,fixed_measurement_protocol_v2,sinusoidal_gratings,51_cycles,input_identity,0.1,512,full_slm_active_area,center_square,center_pad,0.0,1,native_sensor,none,0.099609375,grating_input_contrast,1.0,ratio,PASS
candidate-001,characterization,fixed_measurement_protocol_v2,sinusoidal_gratings,51_cycles,input_identity,0.1,512,full_slm_active_area,center_square,center_pad,0.0,1,native_sensor,none,0.099609375,grating_output_contrast,1.0,ratio,PASS
candidate-001,characterization,fixed_measurement_protocol_v2,sinusoidal_gratings,51_cycles,input_identity,0.1,512,full_slm_active_area,center_square,center_pad,0.0,1,native_sensor,none,0.099609375,grating_ctf,1.0,ratio,PASS
candidate-001,characterization,fixed_measurement_protocol_v2,sinusoidal_gratings,51_cycles,process_arm_phase_zero,0.1,512,full_slm_active_area,center_square,center_pad,0.0,1,native_sensor,none,0.099609375,grating_output_contrast,0.9999999999999929,ratio,PASS
candidate-001,characterization,fixed_measurement_protocol_v2,sinusoidal_gratings,51_cycles,process_arm_phase_zero,0.1,512,full_slm_active_area,center_square,center_pad,0.0,1,native_sensor,none,0.099609375,grating_ctf,0.9999999999999929,ratio,PASS
candidate-001,characterization,fixed_measurement_protocol_v2,sinusoidal_gratings,51_cycles,full_frontend_phase_zero,0.1,512,full_slm_active_area,center_square,center_pad,0.0,1,native_sensor,none,0.099609375,grating_output_contrast,0.9999999999999982,ratio,PASS
candidate-001,characterization,fixed_measurement_protocol_v2,sinusoidal_gratings,51_cycles,full_frontend_phase_zero,0.1,512,full_slm_active_area,center_square,center_pad,0.0,1,native_sensor,none,0.099609375,grating_ctf,0.9999999999999982,ratio,PASS
candidate-001,characterization,fixed_measurement_protocol_v2,sinusoidal_gratings,77_cycles,input_identity,0.1,512,full_slm_active_area,center_square,center_pad,0.0,1,native_sensor,none,0.150390625,energy_throughput,1.0,ratio,PASS
candidate-001,characterization,fixed_measurement_protocol_v2,sinusoidal_gratings,77_cycles,reference_arm_only,0.1,512,full_slm_active_area,center_square,center_pad,0.0,1,native_sensor,none,0.150390625,energy_throughput,0.5,ratio,PASS
candidate-001,characterization,fixed_measurement_protocol_v2,sinusoidal_gratings,77_cycles,process_arm_phase_zero,0.1,512,full_slm_active_area,center_square,center_pad,0.0,1,native_sensor,none,0.150390625,energy_throughput,0.5,ratio,PASS
candidate-001,characterization,fixed_measurement_protocol_v2,sinusoidal_gratings,77_cycles,full_frontend_phase_zero,0.1,512,full_slm_active_area,center_square,center_pad,0.0,1,native_sensor,none,0.150390625,energy_throughput,2.0,ratio,PASS
candidate-001,characterization,fixed_measurement_protocol_v2,sinusoidal_gratings,77_cycles,full_frontend_phase_zero,0.1,512,full_slm_active_area,center_square,center_pad,0.0,1,native_sensor,none,0.150390625,phase_intensity_ratio,2.0,ratio,PASS
candidate-001,characterization,fixed_measurement_protocol_v2,sinusoidal_gratings,77_cycles,interference_term,0.1,512,full_slm_active_area,center_square,center_pad,0.0,1,native_sensor,none,0.150390625,interference_reconstruction_error,0.0,mean_absolute_error,PASS
candidate-001,characterization,fixed_measurement_protocol_v2,sinusoidal_gratings,77_cycles,interference_term,0.1,512,full_slm_active_area,center_square,center_pad,0.0,1,native_sensor,none,0.150390625,interference_visibility,1.0,ratio,PASS
candidate-001,characterization,fixed_measurement_protocol_v2,sinusoidal_gratings,77_cycles,input_identity,0.1,512,full_slm_active_area,center_square,center_pad,0.0,1,native_sensor,none,0.150390625,grating_input_contrast,1.0,ratio,PASS
candidate-001,characterization,fixed_measurement_protocol_v2,sinusoidal_gratings,77_cycles,input_identity,0.1,512,full_slm_active_area,center_square,center_pad,0.0,1,native_sensor,none,0.150390625,grating_output_contrast,1.0,ratio,PASS
candidate-001,characterization,fixed_measurement_protocol_v2,sinusoidal_gratings,77_cycles,input_identity,0.1,512,full_slm_active_area,center_square,center_pad,0.0,1,native_sensor,none,0.150390625,grating_ctf,1.0,ratio,PASS
candidate-001,characterization,fixed_measurement_protocol_v2,sinusoidal_gratings,77_cycles,process_arm_phase_zero,0.1,512,full_slm_active_area,center_square,center_pad,0.0,1,native_sensor,none,0.150390625,grating_output_contrast,0.9999999999999929,ratio,PASS
candidate-001,characterization,fixed_measurement_protocol_v2,sinusoidal_gratings,77_cycles,process_arm_phase_zero,0.1,512,full_slm_active_area,center_square,center_pad,0.0,1,native_sensor,none,0.150390625,grating_ctf,0.9999999999999929,ratio,PASS
candidate-001,characterization,fixed_measurement_protocol_v2,sinusoidal_gratings,77_cycles,full_frontend_phase_zero,0.1,512,full_slm_active_area,center_square,center_pad,0.0,1,native_sensor,none,0.150390625,grating_output_contrast,0.9999999999999982,ratio,PASS
candidate-001,characterization,fixed_measurement_protocol_v2,sinusoidal_gratings,77_cycles,full_frontend_phase_zero,0.1,512,full_slm_active_area,center_square,center_pad,0.0,1,native_sensor,none,0.150390625,grating_ctf,0.9999999999999982,ratio,PASS
candidate-001,characterization,fixed_measurement_protocol_v2,sinusoidal_gratings,102_cycles,input_identity,0.1,512,full_slm_active_area,center_square,center_pad,0.0,1,native_sensor,none,0.19921875,energy_throughput,1.0,ratio,PASS
candidate-001,characterization,fixed_measurement_protocol_v2,sinusoidal_gratings,102_cycles,reference_arm_only,0.1,512,full_slm_active_area,center_square,center_pad,0.0,1,native_sensor,none,0.19921875,energy_throughput,0.4999999701976776,ratio,PASS
candidate-001,characterization,fixed_measurement_protocol_v2,sinusoidal_gratings,102_cycles,process_arm_phase_zero,0.1,512,full_slm_active_area,center_square,center_pad,0.0,1,native_sensor,none,0.19921875,energy_throughput,0.4999999403953552,ratio,PASS
candidate-001,characterization,fixed_measurement_protocol_v2,sinusoidal_gratings,102_cycles,full_frontend_phase_zero,0.1,512,full_slm_active_area,center_square,center_pad,0.0,1,native_sensor,none,0.19921875,energy_throughput,2.0,ratio,PASS
candidate-001,characterization,fixed_measurement_protocol_v2,sinusoidal_gratings,102_cycles,full_frontend_phase_zero,0.1,512,full_slm_active_area,center_square,center_pad,0.0,1,native_sensor,none,0.19921875,phase_intensity_ratio,2.000000238418579,ratio,PASS
candidate-001,characterization,fixed_measurement_protocol_v2,sinusoidal_gratings,102_cycles,interference_term,0.1,512,full_slm_active_area,center_square,center_pad,0.0,1,native_sensor,none,0.19921875,interference_reconstruction_error,0.0,mean_absolute_error,PASS
candidate-001,characterization,fixed_measurement_protocol_v2,sinusoidal_gratings,102_cycles,interference_term,0.1,512,full_slm_active_area,center_square,center_pad,0.0,1,native_sensor,none,0.19921875,interference_visibility,1.0000001192092896,ratio,PASS
candidate-001,characterization,fixed_measurement_protocol_v2,sinusoidal_gratings,102_cycles,input_identity,0.1,512,full_slm_active_area,center_square,center_pad,0.0,1,native_sensor,none,0.19921875,grating_input_contrast,1.0,ratio,PASS
candidate-001,characterization,fixed_measurement_protocol_v2,sinusoidal_gratings,102_cycles,input_identity,0.1,512,full_slm_active_area,center_square,center_pad,0.0,1,native_sensor,none,0.19921875,grating_output_contrast,1.0,ratio,PASS
candidate-001,characterization,fixed_measurement_protocol_v2,sinusoidal_gratings,102_cycles,input_identity,0.1,512,full_slm_active_area,center_square,center_pad,0.0,1,native_sensor,none,0.19921875,grating_ctf,1.0,ratio,PASS
candidate-001,characterization,fixed_measurement_protocol_v2,sinusoidal_gratings,102_cycles,process_arm_phase_zero,0.1,512,full_slm_active_area,center_square,center_pad,0.0,1,native_sensor,none,0.19921875,grating_output_contrast,0.9999999999999929,ratio,PASS
candidate-001,characterization,fixed_measurement_protocol_v2,sinusoidal_gratings,102_cycles,process_arm_phase_zero,0.1,512,full_slm_active_area,center_square,center_pad,0.0,1,native_sensor,none,0.19921875,grating_ctf,0.9999999999999929,ratio,PASS
candidate-001,characterization,fixed_measurement_protocol_v2,sinusoidal_gratings,102_cycles,full_frontend_phase_zero,0.1,512,full_slm_active_area,center_square,center_pad,0.0,1,native_sensor,none,0.19921875,grating_output_contrast,0.9999999999999982,ratio,PASS
candidate-001,characterization,fixed_measurement_protocol_v2,sinusoidal_gratings,102_cycles,full_frontend_phase_zero,0.1,512,full_slm_active_area,center_square,center_pad,0.0,1,native_sensor,none,0.19921875,grating_ctf,0.9999999999999982,ratio,PASS
candidate-001,characterization,fixed_measurement_protocol_v2,sinusoidal_gratings,128_cycles,input_identity,0.1,512,full_slm_active_area,center_square,center_pad,0.0,1,native_sensor,none,0.25,energy_throughput,1.0,ratio,PASS
candidate-001,characterization,fixed_measurement_protocol_v2,sinusoidal_gratings,128_cycles,reference_arm_only,0.1,512,full_slm_active_area,center_square,center_pad,0.0,1,native_sensor,none,0.25,energy_throughput,0.4999999403953552,ratio,PASS
candidate-001,characterization,fixed_measurement_protocol_v2,sinusoidal_gratings,128_cycles,process_arm_phase_zero,0.1,512,full_slm_active_area,center_square,center_pad,0.0,1,native_sensor,none,0.25,energy_throughput,0.5,ratio,PASS
candidate-001,characterization,fixed_measurement_protocol_v2,sinusoidal_gratings,128_cycles,full_frontend_phase_zero,0.1,512,full_slm_active_area,center_square,center_pad,0.0,1,native_sensor,none,0.25,energy_throughput,2.0,ratio,PASS
candidate-001,characterization,fixed_measurement_protocol_v2,sinusoidal_gratings,128_cycles,full_frontend_phase_zero,0.1,512,full_slm_active_area,center_square,center_pad,0.0,1,native_sensor,none,0.25,phase_intensity_ratio,2.000000238418579,ratio,PASS
candidate-001,characterization,fixed_measurement_protocol_v2,sinusoidal_gratings,128_cycles,interference_term,0.1,512,full_slm_active_area,center_square,center_pad,0.0,1,native_sensor,none,0.25,interference_reconstruction_error,0.0,mean_absolute_error,PASS
candidate-001,characterization,fixed_measurement_protocol_v2,sinusoidal_gratings,128_cycles,interference_term,0.1,512,full_slm_active_area,center_square,center_pad,0.0,1,native_sensor,none,0.25,interference_visibility,1.0000001192092896,ratio,PASS
candidate-001,characterization,fixed_measurement_protocol_v2,sinusoidal_gratings,128_cycles,input_identity,0.1,512,full_slm_active_area,center_square,center_pad,0.0,1,native_sensor,none,0.25,grating_input_contrast,1.0,ratio,PASS
candidate-001,characterization,fixed_measurement_protocol_v2,sinusoidal_gratings,128_cycles,input_identity,0.1,512,full_slm_active_area,center_square,center_pad,0.0,1,native_sensor,none,0.25,grating_output_contrast,1.0,ratio,PASS
candidate-001,characterization,fixed_measurement_protocol_v2,sinusoidal_gratings,128_cycles,input_identity,0.1,512,full_slm_active_area,center_square,center_pad,0.0,1,native_sensor,none,0.25,grating_ctf,1.0,ratio,PASS
candidate-001,characterization,fixed_measurement_protocol_v2,sinusoidal_gratings,128_cycles,process_arm_phase_zero,0.1,512,full_slm_active_area,center_square,center_pad,0.0,1,native_sensor,none,0.25,grating_output_contrast,1.0,ratio,PASS
candidate-001,characterization,fixed_measurement_protocol_v2,sinusoidal_gratings,128_cycles,process_arm_phase_zero,0.1,512,full_slm_active_area,center_square,center_pad,0.0,1,native_sensor,none,0.25,grating_ctf,1.0,ratio,PASS
candidate-001,characterization,fixed_measurement_protocol_v2,sinusoidal_gratings,128_cycles,full_frontend_phase_zero,0.1,512,full_slm_active_area,center_square,center_pad,0.0,1,native_sensor,none,0.25,grating_output_contrast,1.0,ratio,PASS
candidate-001,characterization,fixed_measurement_protocol_v2,sinusoidal_gratings,128_cycles,full_frontend_phase_zero,0.1,512,full_slm_active_area,center_square,center_pad,0.0,1,native_sensor,none,0.25,grating_ctf,1.0,ratio,PASS
candidate-001,characterization,fixed_measurement_protocol_v2,sinusoidal_gratings,154_cycles,input_identity,0.1,512,full_slm_active_area,center_square,center_pad,0.0,1,native_sensor,none,0.30078125,energy_throughput,1.0,ratio,PASS
candidate-001,characterization,fixed_measurement_protocol_v2,sinusoidal_gratings,154_cycles,reference_arm_only,0.1,512,full_slm_active_area,center_square,center_pad,0.0,1,native_sensor,none,0.30078125,energy_throughput,0.5,ratio,PASS
candidate-001,characterization,fixed_measurement_protocol_v2,sinusoidal_gratings,154_cycles,process_arm_phase_zero,0.1,512,full_slm_active_area,center_square,center_pad,0.0,1,native_sensor,none,0.30078125,energy_throughput,0.5,ratio,PASS
candidate-001,characterization,fixed_measurement_protocol_v2,sinusoidal_gratings,154_cycles,full_frontend_phase_zero,0.1,512,full_slm_active_area,center_square,center_pad,0.0,1,native_sensor,none,0.30078125,energy_throughput,2.0,ratio,PASS
candidate-001,characterization,fixed_measurement_protocol_v2,sinusoidal_gratings,154_cycles,full_frontend_phase_zero,0.1,512,full_slm_active_area,center_square,center_pad,0.0,1,native_sensor,none,0.30078125,phase_intensity_ratio,2.0,ratio,PASS
candidate-001,characterization,fixed_measurement_protocol_v2,sinusoidal_gratings,154_cycles,interference_term,0.1,512,full_slm_active_area,center_square,center_pad,0.0,1,native_sensor,none,0.30078125,interference_reconstruction_error,0.0,mean_absolute_error,PASS
candidate-001,characterization,fixed_measurement_protocol_v2,sinusoidal_gratings,154_cycles,interference_term,0.1,512,full_slm_active_area,center_square,center_pad,0.0,1,native_sensor,none,0.30078125,interference_visibility,1.0,ratio,PASS
candidate-001,characterization,fixed_measurement_protocol_v2,sinusoidal_gratings,154_cycles,input_identity,0.1,512,full_slm_active_area,center_square,center_pad,0.0,1,native_sensor,none,0.30078125,grating_input_contrast,1.0,ratio,PASS
candidate-001,characterization,fixed_measurement_protocol_v2,sinusoidal_gratings,154_cycles,input_identity,0.1,512,full_slm_active_area,center_square,center_pad,0.0,1,native_sensor,none,0.30078125,grating_output_contrast,1.0,ratio,PASS
candidate-001,characterization,fixed_measurement_protocol_v2,sinusoidal_gratings,154_cycles,input_identity,0.1,512,full_slm_active_area,center_square,center_pad,0.0,1,native_sensor,none,0.30078125,grating_ctf,1.0,ratio,PASS
candidate-001,characterization,fixed_measurement_protocol_v2,sinusoidal_gratings,154_cycles,process_arm_phase_zero,0.1,512,full_slm_active_area,center_square,center_pad,0.0,1,native_sensor,none,0.30078125,grating_output_contrast,0.9999999999999929,ratio,PASS
candidate-001,characterization,fixed_measurement_protocol_v2,sinusoidal_gratings,154_cycles,process_arm_phase_zero,0.1,512,full_slm_active_area,center_square,center_pad,0.0,1,native_sensor,none,0.30078125,grating_ctf,0.9999999999999929,ratio,PASS
candidate-001,characterization,fixed_measurement_protocol_v2,sinusoidal_gratings,154_cycles,full_frontend_phase_zero,0.1,512,full_slm_active_area,center_square,center_pad,0.0,1,native_sensor,none,0.30078125,grating_output_contrast,0.9999999999999982,ratio,PASS
candidate-001,characterization,fixed_measurement_protocol_v2,sinusoidal_gratings,154_cycles,full_frontend_phase_zero,0.1,512,full_slm_active_area,center_square,center_pad,0.0,1,native_sensor,none,0.30078125,grating_ctf,0.9999999999999982,ratio,PASS
candidate-001,characterization,fixed_measurement_protocol_v2,sinusoidal_gratings,179_cycles,input_identity,0.1,512,full_slm_active_area,center_square,center_pad,0.0,1,native_sensor,none,0.349609375,energy_throughput,1.0,ratio,PASS
candidate-001,characterization,fixed_measurement_protocol_v2,sinusoidal_gratings,179_cycles,reference_arm_only,0.1,512,full_slm_active_area,center_square,center_pad,0.0,1,native_sensor,none,0.349609375,energy_throughput,0.5,ratio,PASS
candidate-001,characterization,fixed_measurement_protocol_v2,sinusoidal_gratings,179_cycles,process_arm_phase_zero,0.1,512,full_slm_active_area,center_square,center_pad,0.0,1,native_sensor,none,0.349609375,energy_throughput,0.4999999403953552,ratio,PASS
candidate-001,characterization,fixed_measurement_protocol_v2,sinusoidal_gratings,179_cycles,full_frontend_phase_zero,0.1,512,full_slm_active_area,center_square,center_pad,0.0,1,native_sensor,none,0.349609375,energy_throughput,2.0,ratio,PASS
candidate-001,characterization,fixed_measurement_protocol_v2,sinusoidal_gratings,179_cycles,full_frontend_phase_zero,0.1,512,full_slm_active_area,center_square,center_pad,0.0,1,native_sensor,none,0.349609375,phase_intensity_ratio,2.0,ratio,PASS
candidate-001,characterization,fixed_measurement_protocol_v2,sinusoidal_gratings,179_cycles,interference_term,0.1,512,full_slm_active_area,center_square,center_pad,0.0,1,native_sensor,none,0.349609375,interference_reconstruction_error,0.0,mean_absolute_error,PASS
candidate-001,characterization,fixed_measurement_protocol_v2,sinusoidal_gratings,179_cycles,interference_term,0.1,512,full_slm_active_area,center_square,center_pad,0.0,1,native_sensor,none,0.349609375,interference_visibility,1.0,ratio,PASS
candidate-001,characterization,fixed_measurement_protocol_v2,sinusoidal_gratings,179_cycles,input_identity,0.1,512,full_slm_active_area,center_square,center_pad,0.0,1,native_sensor,none,0.349609375,grating_input_contrast,1.0,ratio,PASS
candidate-001,characterization,fixed_measurement_protocol_v2,sinusoidal_gratings,179_cycles,input_identity,0.1,512,full_slm_active_area,center_square,center_pad,0.0,1,native_sensor,none,0.349609375,grating_output_contrast,1.0,ratio,PASS
candidate-001,characterization,fixed_measurement_protocol_v2,sinusoidal_gratings,179_cycles,input_identity,0.1,512,full_slm_active_area,center_square,center_pad,0.0,1,native_sensor,none,0.349609375,grating_ctf,1.0,ratio,PASS
candidate-001,characterization,fixed_measurement_protocol_v2,sinusoidal_gratings,179_cycles,process_arm_phase_zero,0.1,512,full_slm_active_area,center_square,center_pad,0.0,1,native_sensor,none,0.349609375,grating_output_contrast,0.9999999999999929,ratio,PASS
candidate-001,characterization,fixed_measurement_protocol_v2,sinusoidal_gratings,179_cycles,process_arm_phase_zero,0.1,512,full_slm_active_area,center_square,center_pad,0.0,1,native_sensor,none,0.349609375,grating_ctf,0.9999999999999929,ratio,PASS
candidate-001,characterization,fixed_measurement_protocol_v2,sinusoidal_gratings,179_cycles,full_frontend_phase_zero,0.1,512,full_slm_active_area,center_square,center_pad,0.0,1,native_sensor,none,0.349609375,grating_output_contrast,0.9999999999999982,ratio,PASS
candidate-001,characterization,fixed_measurement_protocol_v2,sinusoidal_gratings,179_cycles,full_frontend_phase_zero,0.1,512,full_slm_active_area,center_square,center_pad,0.0,1,native_sensor,none,0.349609375,grating_ctf,0.9999999999999982,ratio,PASS
candidate-001,characterization,fixed_measurement_protocol_v2,sinusoidal_gratings,205_cycles,input_identity,0.1,512,full_slm_active_area,center_square,center_pad,0.0,1,native_sensor,none,0.400390625,energy_throughput,1.0,ratio,PASS
candidate-001,characterization,fixed_measurement_protocol_v2,sinusoidal_gratings,205_cycles,reference_arm_only,0.1,512,full_slm_active_area,center_square,center_pad,0.0,1,native_sensor,none,0.400390625,energy_throughput,0.5,ratio,PASS
candidate-001,characterization,fixed_measurement_protocol_v2,sinusoidal_gratings,205_cycles,process_arm_phase_zero,0.1,512,full_slm_active_area,center_square,center_pad,0.0,1,native_sensor,none,0.400390625,energy_throughput,0.4999999403953552,ratio,PASS
candidate-001,characterization,fixed_measurement_protocol_v2,sinusoidal_gratings,205_cycles,full_frontend_phase_zero,0.1,512,full_slm_active_area,center_square,center_pad,0.0,1,native_sensor,none,0.400390625,energy_throughput,1.9999998807907104,ratio,PASS
candidate-001,characterization,fixed_measurement_protocol_v2,sinusoidal_gratings,205_cycles,full_frontend_phase_zero,0.1,512,full_slm_active_area,center_square,center_pad,0.0,1,native_sensor,none,0.400390625,phase_intensity_ratio,2.0,ratio,PASS
candidate-001,characterization,fixed_measurement_protocol_v2,sinusoidal_gratings,205_cycles,interference_term,0.1,512,full_slm_active_area,center_square,center_pad,0.0,1,native_sensor,none,0.400390625,interference_reconstruction_error,0.0,mean_absolute_error,PASS
candidate-001,characterization,fixed_measurement_protocol_v2,sinusoidal_gratings,205_cycles,interference_term,0.1,512,full_slm_active_area,center_square,center_pad,0.0,1,native_sensor,none,0.400390625,interference_visibility,1.0,ratio,PASS
candidate-001,characterization,fixed_measurement_protocol_v2,sinusoidal_gratings,205_cycles,input_identity,0.1,512,full_slm_active_area,center_square,center_pad,0.0,1,native_sensor,none,0.400390625,grating_input_contrast,1.0,ratio,PASS
candidate-001,characterization,fixed_measurement_protocol_v2,sinusoidal_gratings,205_cycles,input_identity,0.1,512,full_slm_active_area,center_square,center_pad,0.0,1,native_sensor,none,0.400390625,grating_output_contrast,1.0,ratio,PASS
candidate-001,characterization,fixed_measurement_protocol_v2,sinusoidal_gratings,205_cycles,input_identity,0.1,512,full_slm_active_area,center_square,center_pad,0.0,1,native_sensor,none,0.400390625,grating_ctf,1.0,ratio,PASS
candidate-001,characterization,fixed_measurement_protocol_v2,sinusoidal_gratings,205_cycles,process_arm_phase_zero,0.1,512,full_slm_active_area,center_square,center_pad,0.0,1,native_sensor,none,0.400390625,grating_output_contrast,0.9999999999999556,ratio,PASS
candidate-001,characterization,fixed_measurement_protocol_v2,sinusoidal_gratings,205_cycles,process_arm_phase_zero,0.1,512,full_slm_active_area,center_square,center_pad,0.0,1,native_sensor,none,0.400390625,grating_ctf,0.9999999999999556,ratio,PASS
candidate-001,characterization,fixed_measurement_protocol_v2,sinusoidal_gratings,205_cycles,full_frontend_phase_zero,0.1,512,full_slm_active_area,center_square,center_pad,0.0,1,native_sensor,none,0.400390625,grating_output_contrast,0.9999999999999889,ratio,PASS
candidate-001,characterization,fixed_measurement_protocol_v2,sinusoidal_gratings,205_cycles,full_frontend_phase_zero,0.1,512,full_slm_active_area,center_square,center_pad,0.0,1,native_sensor,none,0.400390625,grating_ctf,0.9999999999999889,ratio,PASS
candidate-001,characterization,fixed_measurement_protocol_v2,usaf_bars,three_frequency_bars,input_identity,0.1,512,full_slm_active_area,center_square,center_pad,0.0,1,native_sensor,none,0.0,energy_throughput,1.0,ratio,PASS
candidate-001,characterization,fixed_measurement_protocol_v2,usaf_bars,three_frequency_bars,reference_arm_only,0.1,512,full_slm_active_area,center_square,center_pad,0.0,1,native_sensor,none,0.0,energy_throughput,0.4999999403953552,ratio,PASS
candidate-001,characterization,fixed_measurement_protocol_v2,usaf_bars,three_frequency_bars,process_arm_phase_zero,0.1,512,full_slm_active_area,center_square,center_pad,0.0,1,native_sensor,none,0.0,energy_throughput,0.4999999403953552,ratio,PASS
candidate-001,characterization,fixed_measurement_protocol_v2,usaf_bars,three_frequency_bars,full_frontend_phase_zero,0.1,512,full_slm_active_area,center_square,center_pad,0.0,1,native_sensor,none,0.0,energy_throughput,1.999999761581421,ratio,PASS
candidate-001,characterization,fixed_measurement_protocol_v2,usaf_bars,three_frequency_bars,full_frontend_phase_zero,0.1,512,full_slm_active_area,center_square,center_pad,0.0,1,native_sensor,none,0.0,phase_intensity_ratio,2.0,ratio,PASS
candidate-001,characterization,fixed_measurement_protocol_v2,usaf_bars,three_frequency_bars,interference_term,0.1,512,full_slm_active_area,center_square,center_pad,0.0,1,native_sensor,none,0.0,interference_reconstruction_error,0.0,mean_absolute_error,PASS
candidate-001,characterization,fixed_measurement_protocol_v2,usaf_bars,three_frequency_bars,interference_term,0.1,512,full_slm_active_area,center_square,center_pad,0.0,1,native_sensor,none,0.0,interference_visibility,1.0000001192092896,ratio,PASS
candidate-001,characterization,fixed_measurement_protocol_v2,siemens_star,32_spokes,input_identity,0.1,512,full_slm_active_area,center_square,center_pad,0.0,1,native_sensor,none,0.0,energy_throughput,1.0,ratio,PASS
candidate-001,characterization,fixed_measurement_protocol_v2,siemens_star,32_spokes,reference_arm_only,0.1,512,full_slm_active_area,center_square,center_pad,0.0,1,native_sensor,none,0.0,energy_throughput,0.4999999403953552,ratio,PASS
candidate-001,characterization,fixed_measurement_protocol_v2,siemens_star,32_spokes,process_arm_phase_zero,0.1,512,full_slm_active_area,center_square,center_pad,0.0,1,native_sensor,none,0.0,energy_throughput,0.4991001486778259,ratio,PASS
candidate-001,characterization,fixed_measurement_protocol_v2,siemens_star,32_spokes,full_frontend_phase_zero,0.1,512,full_slm_active_area,center_square,center_pad,0.0,1,native_sensor,none,0.0,energy_throughput,1.997300386428833,ratio,PASS
candidate-001,characterization,fixed_measurement_protocol_v2,siemens_star,32_spokes,full_frontend_phase_zero,0.1,512,full_slm_active_area,center_square,center_pad,0.0,1,native_sensor,none,0.0,phase_intensity_ratio,1.9990993738174438,ratio,PASS
candidate-001,characterization,fixed_measurement_protocol_v2,siemens_star,32_spokes,interference_term,0.1,512,full_slm_active_area,center_square,center_pad,0.0,1,native_sensor,none,0.0,interference_reconstruction_error,0.0,mean_absolute_error,PASS
candidate-001,characterization,fixed_measurement_protocol_v2,siemens_star,32_spokes,interference_term,0.1,512,full_slm_active_area,center_square,center_pad,0.0,1,native_sensor,none,0.0,interference_visibility,0.9990993142127991,ratio,PASS
candidate-001,phase_offset_scan,fixed_measurement_protocol_v2,slanted_edge,5_degrees,interference_term,0.1,512,full_slm_active_area,center_square,center_pad,0.0,1,native_sensor,none,0.0,interference_visibility,0.9999904036521912,ratio,PASS
candidate-001,phase_offset_scan,fixed_measurement_protocol_v2,slanted_edge,5_degrees,interference_term,0.1,512,full_slm_active_area,center_square,center_pad,1.5707963267948966,1,native_sensor,none,0.0,interference_visibility,8.530167150411216e-08,ratio,PASS
candidate-001,phase_offset_scan,fixed_measurement_protocol_v2,slanted_edge,5_degrees,interference_term,0.1,512,full_slm_active_area,center_square,center_pad,3.141592653589793,1,native_sensor,none,0.0,interference_visibility,0.9999904036521912,ratio,PASS
candidate-001,phase_offset_scan,fixed_measurement_protocol_v2,slanted_edge,5_degrees,interference_term,0.1,512,full_slm_active_area,center_square,center_pad,4.71238898038469,1,native_sensor,none,0.0,interference_visibility,8.053802247331987e-08,ratio,PASS
